INSERT INTO Consorcio (cnpj, nome) VALUES
('12345678000199', 'Consorcio Metropolitano Salvador');

INSERT INTO Empresa (cnpj, nome, cnpj_consorcio) VALUES
('11111111000101', 'TransBahia', '12345678000199'),
('22222222000102', 'CidadeBus', '12345678000199');

INSERT INTO Consorcio_Empresa (cnpj_consorcio, cnpj_empresa) VALUES
('12345678000199', '11111111000101'),
('12345678000199', '22222222000102');

INSERT INTO Veiculo (placa, cnpj, num_veiculo, modelo) VALUES
('QAA1A11', '11111111000101', 'V001', 'Mercedes OF-1721'),
('QAA1A12', '11111111000101', 'V002', 'Mercedes OF-1721'),
('QAA1A13', '11111111000101', 'V003', 'Volvo B270F'),
('QAA1A14', '11111111000101', 'V004', 'Volvo B270F'),
('QAA1A15', '11111111000101', 'V005', 'Marcopolo Torino'),
('QBB2B21', '22222222000102', 'V006', 'Mercedes OF-1721'),
('QBB2B22', '22222222000102', 'V007', 'Mercedes OF-1721'),
('QBB2B23', '22222222000102', 'V008', 'Volvo B270F'),
('QBB2B24', '22222222000102', 'V009', 'Caio Apache Vip'),
('QBB2B25', '22222222000102', 'V010', 'Caio Apache Vip');

INSERT INTO Motorista (registro, nome, cpf, data_nascimento) VALUES
('M001', 'Joao Silva', '11111111111', '1980-05-10'),
('M002', 'Carlos Souza', '22222222222', '1982-07-15'),
('M003', 'Pedro Santos', '33333333333', '1979-11-20'),
('M004', 'Marcos Lima', '44444444444', '1985-02-25'),
('M005', 'Anderson Rocha', '55555555555', '1988-09-12');

INSERT INTO Cobrador (registro, nome, cpf, data_nascimento) VALUES
('C001', 'Ana Paula', '66666666666', '1989-01-08'),
('C002', 'Bruno Alves', '77777777777', '1990-03-17'),
('C003', 'Clara Nunes', '88888888888', '1991-06-22'),
('C004', 'Diego Costa', '99999999999', '1987-10-30'),
('C005', 'Elisa Gomes', '10101010101', '1992-12-05');

INSERT INTO Passageiro (num_cartao, nome, cpf, data_nascimento) VALUES
('CARD001', 'Passageiro 01', '00000000001', '1991-02-02'),
('CARD002', 'Passageiro 02', '00000000002', '1992-03-03'),
('CARD003', 'Passageiro 03', '00000000003', '1993-04-04'),
('CARD004', 'Passageiro 04', '00000000004', '1994-05-05'),
('CARD005', 'Passageiro 05', '00000000005', '1995-06-06'),
('CARD006', 'Passageiro 06', '00000000006', '1996-07-07'),
('CARD007', 'Passageiro 07', '00000000007', '1997-08-08'),
('CARD008', 'Passageiro 08', '00000000008', '1998-09-09'),
('CARD009', 'Passageiro 09', '00000000009', '1999-10-10'),
('CARD010', 'Passageiro 10', '00000000010', '1990-11-11'),
('CARD011', 'Passageiro 11', '00000000011', '1991-12-12'),
('CARD012', 'Passageiro 12', '00000000012', '1992-01-13'),
('CARD013', 'Passageiro 13', '00000000013', '1993-02-14'),
('CARD014', 'Passageiro 14', '00000000014', '1994-03-15'),
('CARD015', 'Passageiro 15', '00000000015', '1995-04-16'),
('CARD016', 'Passageiro 16', '00000000016', '1996-05-17'),
('CARD017', 'Passageiro 17', '00000000017', '1997-06-18'),
('CARD018', 'Passageiro 18', '00000000018', '1998-07-19'),
('CARD019', 'Passageiro 19', '00000000019', '1999-08-20'),
('CARD020', 'Passageiro 20', '00000000020', '1990-09-21'),
('CARD021', 'Passageiro 21', '00000000021', '1991-10-22'),
('CARD022', 'Passageiro 22', '00000000022', '1992-11-23'),
('CARD023', 'Passageiro 23', '00000000023', '1993-12-24'),
('CARD024', 'Passageiro 24', '00000000024', '1994-01-25'),
('CARD025', 'Passageiro 25', '00000000025', '1995-02-26');

INSERT INTO Linha (numero, descricao) VALUES
('001', 'Lapa - Iguatemi'),
('002', 'Paralela - Centro'),
('003', 'Pituba - Lapa'),
('004', 'Brotas - Barra'),
('005', 'Cabula - Comercio'),
('006', 'Itapua - Lapa'),
('007', 'Ribeira - Campo Grande'),
('008', 'Mussurunga - Barra'),
('009', 'Periperi - Iguatemi'),
('010', 'Cajazeiras - Lapa');

INSERT INTO Rua (codigo, cep, nome) VALUES
('R001', '40000000', 'Av Sete de Setembro'),
('R002', '40100000', 'Av ACM'),
('R003', '40200000', 'Rua da Graca'),
('R004', '40300000', 'Av Vasco da Gama'),
('R005', '40400000', 'Av Paralela'),
('R006', '40500000', 'Rua Silveira Martins'),
('R007', '40600000', 'Av Otavio Mangabeira'),
('R008', '40700000', 'Rua Caminho de Areia'),
('R009', '40800000', 'Av Afranio Peixoto'),
('R010', '40900000', 'Av Joao Durval');

INSERT INTO Bairro (codigo, nome) VALUES
('B001', 'Centro'),
('B002', 'Iguatemi'),
('B003', 'Graca'),
('B004', 'Brotas'),
('B005', 'Paralela'),
('B006', 'Cabula'),
('B007', 'Itapua'),
('B008', 'Ribeira'),
('B009', 'Periperi'),
('B010', 'Cajazeiras');

INSERT INTO Endereco (id_endereco, cod_rua, cod_bairro) VALUES
(1, 'R001', 'B001'),
(2, 'R002', 'B002'),
(3, 'R003', 'B003'),
(4, 'R004', 'B004'),
(5, 'R005', 'B005'),
(6, 'R006', 'B006'),
(7, 'R007', 'B007'),
(8, 'R008', 'B008'),
(9, 'R009', 'B009'),
(10, 'R010', 'B010');

INSERT INTO Ponto (id_ponto, id_endereco, num_ponto) VALUES
(1, 1, 'P001'),
(2, 2, 'P002'),
(3, 3, 'P003'),
(4, 4, 'P004'),
(5, 5, 'P005'),
(6, 6, 'P006'),
(7, 7, 'P007'),
(8, 8, 'P008'),
(9, 9, 'P009'),
(10, 10, 'P010');

INSERT INTO Itinerario (numero, sentido, descricao, vigencia_inicio, vigencia_fim, status) VALUES
('IT001', 'IDA', 'Lapa para Iguatemi', '2026-01-01', '2026-12-31', TRUE),
('IT002', 'VOLTA', 'Centro para Paralela', '2026-01-01', '2026-12-31', TRUE),
('IT003', 'IDA', 'Pituba para Lapa', '2026-01-01', '2026-12-31', TRUE),
('IT004', 'VOLTA', 'Barra para Brotas', '2026-01-01', '2026-12-31', TRUE),
('IT005', 'IDA', 'Cabula para Comercio', '2026-01-01', '2026-12-31', TRUE),
('IT006', 'VOLTA', 'Lapa para Itapua', '2026-01-01', '2026-12-31', TRUE),
('IT007', 'IDA', 'Ribeira para Campo Grande', '2026-01-01', '2026-12-31', TRUE),
('IT008', 'VOLTA', 'Barra para Mussurunga', '2026-01-01', '2026-12-31', TRUE),
('IT009', 'IDA', 'Periperi para Iguatemi', '2026-01-01', '2026-12-31', TRUE),
('IT010', 'VOLTA', 'Lapa para Cajazeiras', '2026-01-01', '2026-12-31', TRUE);

INSERT INTO Calendario (id_calendario, segunda, terca, quarta, quinta, sexta, sabado, domingo, vigencia_inicio, vigencia_fim, descricao) VALUES
(1, TRUE, TRUE, TRUE, TRUE, TRUE, FALSE, FALSE, '2026-01-01', '2026-12-31', 'Dias uteis'),
(2, FALSE, FALSE, FALSE, FALSE, FALSE, TRUE, TRUE, '2026-01-01', '2026-12-31', 'Fim de semana');

INSERT INTO Programacao (id_programacao, num_linha, num_itinerario, id_calendario, horario_partida) VALUES
(1, '001', 'IT001', 1, '06:00:00'),
(2, '002', 'IT002', 1, '06:15:00'),
(3, '003', 'IT003', 1, '06:30:00'),
(4, '004', 'IT004', 1, '06:45:00'),
(5, '005', 'IT005', 1, '07:00:00'),
(6, '006', 'IT006', 1, '07:15:00'),
(7, '007', 'IT007', 1, '07:30:00'),
(8, '008', 'IT008', 1, '07:45:00'),
(9, '009', 'IT009', 1, '08:00:00'),
(10, '010', 'IT010', 2, '08:15:00');

INSERT INTO Calendario_Excecao (id_excecao, id_calendario, data_excecao, tipo, descricao) VALUES
(1, 1, '2026-06-24', TRUE, 'Operacao especial Sao Joao'),
(2, 2, '2026-12-25', FALSE, 'Suspensao de operacao no Natal');

INSERT INTO Itinerario_Ponto (id_itinerario_ponto, num_itinerario, id_ponto, sequencia) VALUES
(1, 'IT001', 1, 1),
(2, 'IT001', 2, 2),
(3, 'IT002', 2, 1),
(4, 'IT002', 3, 2),
(5, 'IT003', 3, 1),
(6, 'IT003', 4, 2),
(7, 'IT004', 4, 1),
(8, 'IT004', 5, 2),
(9, 'IT005', 5, 1),
(10, 'IT005', 6, 2),
(11, 'IT006', 6, 1),
(12, 'IT006', 7, 2),
(13, 'IT007', 7, 1),
(14, 'IT007', 8, 2),
(15, 'IT008', 8, 1),
(16, 'IT008', 9, 2),
(17, 'IT009', 9, 1),
(18, 'IT009', 10, 2),
(19, 'IT010', 10, 1),
(20, 'IT010', 1, 2);

INSERT INTO Viagem (
	id_viagem, num_cartao, num_linha, registro_motorista, registro_cobrador,
	placa, embarque_id_ponto, desembarque_id_ponto, data_entrada, data_saida,
	horario_entrada, horario_saida, tarifa
) VALUES
(1,  'CARD001', '001', 'M001', 'C001', 'QAA1A11', 1, 2, '2026-04-01', '2026-04-01', '06:00:00', '06:35:00', 5.00),
(2,  'CARD002', '001', 'M001', 'C001', 'QAA1A11', 1, 2, '2026-04-01', '2026-04-01', '06:40:00', '07:15:00', 5.00),
(3,  'CARD003', '002', 'M002', 'C002', 'QAA1A12', 2, 3, '2026-04-01', '2026-04-01', '07:00:00', '07:35:00', 5.00),
(4,  'CARD004', '002', 'M002', 'C002', 'QAA1A12', 2, 3, '2026-04-01', '2026-04-01', '07:40:00', '08:15:00', 5.00),
(5,  'CARD005', '003', 'M003', 'C003', 'QAA1A13', 3, 4, '2026-04-01', '2026-04-01', '08:00:00', '08:35:00', 5.00),
(6,  'CARD006', '003', 'M003', 'C003', 'QAA1A13', 3, 4, '2026-04-01', '2026-04-01', '08:40:00', '09:15:00', 5.00),
(7,  'CARD007', '004', 'M004', 'C004', 'QAA1A14', 4, 5, '2026-04-01', '2026-04-01', '09:00:00', '09:35:00', 5.00),
(8,  'CARD008', '004', 'M004', 'C004', 'QAA1A14', 4, 5, '2026-04-01', '2026-04-01', '09:40:00', '10:15:00', 5.00),
(9,  'CARD009', '005', 'M005', 'C005', 'QAA1A15', 5, 6, '2026-04-01', '2026-04-01', '10:00:00', '10:35:00', 5.00),
(10, 'CARD010', '005', 'M005', 'C005', 'QAA1A15', 5, 6, '2026-04-01', '2026-04-01', '10:40:00', '11:15:00', 5.00),

(11, 'CARD011', '001', 'M001', 'C001', 'QAA1A11', 1, 2, '2026-04-02', '2026-04-02', '06:00:00', '06:35:00', 5.00),
(12, 'CARD012', '001', 'M001', 'C001', 'QAA1A11', 1, 2, '2026-04-02', '2026-04-02', '06:40:00', '07:15:00', 5.00),
(13, 'CARD013', '002', 'M002', 'C002', 'QAA1A12', 2, 3, '2026-04-02', '2026-04-02', '07:00:00', '07:35:00', 5.00),
(14, 'CARD014', '002', 'M002', 'C002', 'QAA1A12', 2, 3, '2026-04-02', '2026-04-02', '07:40:00', '08:15:00', 5.00),
(15, 'CARD015', '003', 'M003', 'C003', 'QAA1A13', 3, 4, '2026-04-02', '2026-04-02', '08:00:00', '08:35:00', 5.00),
(16, 'CARD016', '003', 'M003', 'C003', 'QAA1A13', 3, 4, '2026-04-02', '2026-04-02', '08:40:00', '09:15:00', 5.00),
(17, 'CARD017', '004', 'M004', 'C004', 'QAA1A14', 4, 5, '2026-04-02', '2026-04-02', '09:00:00', '09:35:00', 5.00),
(18, 'CARD018', '004', 'M004', 'C004', 'QAA1A14', 4, 5, '2026-04-02', '2026-04-02', '09:40:00', '10:15:00', 5.00),
(19, 'CARD019', '005', 'M005', 'C005', 'QAA1A15', 5, 6, '2026-04-02', '2026-04-02', '10:00:00', '10:35:00', 5.00),
(20, 'CARD020', '005', 'M005', 'C005', 'QAA1A15', 5, 6, '2026-04-02', '2026-04-02', '10:40:00', '11:15:00', 5.00),

(21, 'CARD021', '001', 'M001', 'C001', 'QAA1A11', 1, 2, '2026-04-03', '2026-04-03', '06:00:00', '06:35:00', 5.00),
(22, 'CARD022', '001', 'M001', 'C001', 'QAA1A11', 1, 2, '2026-04-03', '2026-04-03', '06:40:00', '07:15:00', 5.00),
(23, 'CARD023', '002', 'M002', 'C002', 'QAA1A12', 2, 3, '2026-04-03', '2026-04-03', '07:00:00', '07:35:00', 5.00),
(24, 'CARD024', '002', 'M002', 'C002', 'QAA1A12', 2, 3, '2026-04-03', '2026-04-03', '07:40:00', '08:15:00', 5.00),
(25, 'CARD025', '003', 'M003', 'C003', 'QAA1A13', 3, 4, '2026-04-03', '2026-04-03', '08:00:00', '08:35:00', 5.00),
(26, 'CARD001', '003', 'M003', 'C003', 'QAA1A13', 3, 4, '2026-04-03', '2026-04-03', '08:40:00', '09:15:00', 5.00),
(27, 'CARD002', '004', 'M004', 'C004', 'QAA1A14', 4, 5, '2026-04-03', '2026-04-03', '09:00:00', '09:35:00', 5.00),
(28, 'CARD003', '004', 'M004', 'C004', 'QAA1A14', 4, 5, '2026-04-03', '2026-04-03', '09:40:00', '10:15:00', 5.00),
(29, 'CARD004', '005', 'M005', 'C005', 'QAA1A15', 5, 6, '2026-04-03', '2026-04-03', '10:00:00', '10:35:00', 5.00),
(30, 'CARD005', '005', 'M005', 'C005', 'QAA1A15', 5, 6, '2026-04-03', '2026-04-03', '10:40:00', '11:15:00', 5.00),

(31, 'CARD006', '001', 'M001', 'C001', 'QAA1A11', 1, 2, '2026-04-04', '2026-04-04', '06:00:00', '06:35:00', 5.00),
(32, 'CARD007', '001', 'M001', 'C001', 'QAA1A11', 1, 2, '2026-04-04', '2026-04-04', '06:40:00', '07:15:00', 5.00),
(33, 'CARD008', '002', 'M002', 'C002', 'QAA1A12', 2, 3, '2026-04-04', '2026-04-04', '07:00:00', '07:35:00', 5.00),
(34, 'CARD009', '002', 'M002', 'C002', 'QAA1A12', 2, 3, '2026-04-04', '2026-04-04', '07:40:00', '08:15:00', 5.00),
(35, 'CARD010', '003', 'M003', 'C003', 'QAA1A13', 3, 4, '2026-04-04', '2026-04-04', '08:00:00', '08:35:00', 5.00),
(36, 'CARD011', '003', 'M003', 'C003', 'QAA1A13', 3, 4, '2026-04-04', '2026-04-04', '08:40:00', '09:15:00', 5.00),
(37, 'CARD012', '004', 'M004', 'C004', 'QAA1A14', 4, 5, '2026-04-04', '2026-04-04', '09:00:00', '09:35:00', 5.00),
(38, 'CARD013', '004', 'M004', 'C004', 'QAA1A14', 4, 5, '2026-04-04', '2026-04-04', '09:40:00', '10:15:00', 5.00),
(39, 'CARD014', '005', 'M005', 'C005', 'QAA1A15', 5, 6, '2026-04-04', '2026-04-04', '10:00:00', '10:35:00', 5.00),
(40, 'CARD015', '005', 'M005', 'C005', 'QAA1A15', 5, 6, '2026-04-04', '2026-04-04', '10:40:00', '11:15:00', 5.00),

(41, 'CARD016', '001', 'M001', 'C001', 'QAA1A11', 1, 2, '2026-04-05', '2026-04-05', '06:00:00', '06:35:00', 5.00),
(42, 'CARD017', '001', 'M001', 'C001', 'QAA1A11', 1, 2, '2026-04-05', '2026-04-05', '06:40:00', '07:15:00', 5.00),
(43, 'CARD018', '002', 'M002', 'C002', 'QAA1A12', 2, 3, '2026-04-05', '2026-04-05', '07:00:00', '07:35:00', 5.00),
(44, 'CARD019', '002', 'M002', 'C002', 'QAA1A12', 2, 3, '2026-04-05', '2026-04-05', '07:40:00', '08:15:00', 5.00),
(45, 'CARD020', '003', 'M003', 'C003', 'QAA1A13', 3, 4, '2026-04-05', '2026-04-05', '08:00:00', '08:35:00', 5.00),
(46, 'CARD021', '003', 'M003', 'C003', 'QAA1A13', 3, 4, '2026-04-05', '2026-04-05', '08:40:00', '09:15:00', 5.00),
(47, 'CARD022', '004', 'M004', 'C004', 'QAA1A14', 4, 5, '2026-04-05', '2026-04-05', '09:00:00', '09:35:00', 5.00),
(48, 'CARD023', '004', 'M004', 'C004', 'QAA1A14', 4, 5, '2026-04-05', '2026-04-05', '09:40:00', '10:15:00', 5.00),
(49, 'CARD024', '005', 'M005', 'C005', 'QAA1A15', 5, 6, '2026-04-05', '2026-04-05', '10:00:00', '10:35:00', 5.00),
(50, 'CARD025', '005', 'M005', 'C005', 'QAA1A15', 5, 6, '2026-04-05', '2026-04-05', '10:40:00', '11:15:00', 5.00);